City_ID,City,Country,Date,Lat,Lng,Max Temp,Humidity,Cloudiness,Wind Speed
0,Butaritari,KI,2021-09-25 20:26:41,3.0707,172.7902,82.78,75,75,9.26
1,Sao Gabriel Da Cachoeira,BR,2021-09-25 20:22:55,-0.1303,-67.0892,87.6,62,40,5.75
2,Ushuaia,AR,2021-09-25 20:26:02,-54.8,-68.3,44.26,57,20,19.57
3,Pemba,MZ,2021-09-25 20:26:42,-12.974,40.5178,75.9,88,40,9.22
4,Atuona,PF,2021-09-25 20:26:42,-9.8,-139.0333,78.33,77,87,20.04
5,Peniche,PT,2021-09-25 20:26:42,39.3558,-9.3811,67.75,91,2,5.91
6,Zelenoborsk,RU,2021-09-25 20:26:43,61.4669,64.0333,32.54,82,25,7.31
7,Vardo,NO,2021-09-25 20:26:43,70.3705,31.1107,47.03,85,64,9.28
8,Mortka,RU,2021-09-25 20:26:43,59.3322,66.0214,31.59,87,16,6.24
9,Cape Town,ZA,2021-09-25 20:26:15,-33.9258,18.4232,62.28,83,75,6.91
10,Dongsheng,CN,2021-09-25 20:26:44,39.8161,109.9776,58.1,81,100,6.55
11,Bluff,NZ,2021-09-25 20:26:44,-46.6,168.3333,37.8,66,42,15.77
12,Krasnorechenskiy,RU,2021-09-25 20:26:45,44.6265,135.3532,50.65,70,100,1.99
13,Tukrah,LY,2021-09-25 20:26:45,32.5341,20.5791,73.29,65,0,12.1
14,Mataura,NZ,2021-09-25 20:26:45,-46.1927,168.8643,37.47,96,56,4.45
15,Saint-Philippe,RE,2021-09-25 20:26:46,-21.3585,55.7679,71.15,84,38,12.12
16,Ballina,AU,2021-09-25 20:26:46,-28.8667,153.5667,60.98,88,90,8.05
17,Ixtapa,MX,2021-09-25 20:26:46,20.7,-105.2,88.23,77,49,4.0
18,Souillac,MU,2021-09-25 20:26:47,-20.5167,57.5167,73.36,83,75,14.97
19,Monrovia,LR,2021-09-25 20:22:18,6.3005,-10.7969,78.57,83,100,8.34
20,Talnakh,RU,2021-09-25 20:26:47,69.4865,88.3972,31.17,70,54,1.72
21,Vilhena,BR,2021-09-25 20:26:48,-12.7406,-60.1458,92.68,26,84,3.47
22,Belle Fourche,US,2021-09-25 20:26:48,44.6714,-103.8522,90.09,8,74,1.54
23,Provideniya,RU,2021-09-25 20:26:48,64.3833,-173.3,31.08,89,100,4.21
24,Rassvet,RU,2021-09-25 20:26:49,46.8333,40.75,53.87,95,50,2.24
25,Sovetskiy,RU,2021-09-25 20:26:49,61.3614,63.5842,34.18,77,26,7.87
26,Vila,PT,2021-09-25 20:26:49,42.0304,-8.1588,55.33,98,37,4.59
27,Hobart,AU,2021-09-25 20:26:50,-42.8794,147.3294,39.06,87,20,1.99
28,Albany,US,2021-09-25 20:24:18,42.6001,-73.9662,74.68,59,87,5.39
29,Tadine,NC,2021-09-25 20:22:40,-21.55,167.8833,68.0,63,3,8.59
30,Lata,PT,2021-09-25 20:26:50,40.1629,-8.3327,65.07,95,1,2.24
31,Kennett,US,2021-09-25 20:22:26,36.2362,-90.0556,81.99,28,1,8.05
32,Montepuez,MZ,2021-09-25 20:22:49,-13.1256,38.9997,73.36,59,99,8.77
33,Khatanga,RU,2021-09-25 20:24:14,71.9667,102.5,29.88,89,97,10.27
34,Segamat,MY,2021-09-25 20:26:51,2.5148,102.8158,78.62,94,63,2.66
35,Rikitea,PF,2021-09-25 20:23:28,-23.1203,-134.9692,74.12,75,100,16.78
36,Flin Flon,CA,2021-09-25 20:26:36,54.7682,-101.865,60.64,48,75,4.61
37,Kapaa,US,2021-09-25 20:23:08,22.0752,-159.319,82.38,71,75,4.0
38,Pemangkat,ID,2021-09-25 20:26:52,1.1667,108.9667,78.49,86,99,7.02
39,Labuhan,ID,2021-09-25 20:26:52,-6.8844,112.2051,77.54,87,95,7.0
40,Esperance,AU,2021-09-25 20:26:53,-33.8667,121.9,55.24,85,87,21.88
41,Mindupok,PH,2021-09-25 20:26:53,6.0906,124.4233,78.1,83,100,2.8
42,Hilo,US,2021-09-25 20:24:01,19.7297,-155.09,84.27,74,1,8.05
43,Barrow,US,2021-09-25 20:26:53,71.2906,-156.7887,28.42,74,90,3.44
44,Hermanus,ZA,2021-09-25 20:26:54,-34.4187,19.2345,61.81,82,40,14.25
45,Dehloran,IR,2021-09-25 20:26:54,32.6941,47.2679,82.44,25,0,8.61
46,Busselton,AU,2021-09-25 20:26:54,-33.65,115.3333,52.05,86,91,7.02
47,Walvis Bay,NA,2021-09-25 20:26:55,-22.9575,14.5053,55.09,87,3,4.61
48,Broome,US,2021-09-25 20:26:55,42.2506,-75.833,74.7,56,1,1.01
49,Lompoc,US,2021-09-25 20:26:56,34.6391,-120.4579,84.69,79,1,12.66
50,Jamestown,US,2021-09-25 20:24:20,42.097,-79.2353,68.09,48,90,5.01
51,Port Alfred,ZA,2021-09-25 20:26:56,-33.5906,26.891,62.22,79,90,12.21
52,Byron Bay,AU,2021-09-25 20:26:56,-28.65,153.6167,67.05,81,96,10.4
53,Miramar,US,2021-09-25 20:26:57,25.9873,-80.2323,88.02,83,90,8.05
54,Wukari,NG,2021-09-25 20:26:57,7.85,9.7833,71.24,96,88,4.45
55,Merauke,ID,2021-09-25 20:25:08,-8.4667,140.3333,77.09,88,93,10.67
56,Sao Joao Da Barra,BR,2021-09-25 20:26:58,-21.6403,-41.0511,75.29,73,100,23.17
57,Hirara,JP,2021-09-25 20:26:58,24.8,125.2833,83.14,78,9,11.88
58,Fairbanks,US,2021-09-25 20:22:33,64.8378,-147.7164,34.3,90,75,0.0
59,Cabo San Lucas,MX,2021-09-25 20:26:59,22.8909,-109.9124,96.51,67,9,5.59
60,Kodiak,US,2021-09-25 20:26:59,57.79,-152.4072,45.91,46,1,4.61
61,Tromso,NO,2021-09-25 20:26:59,69.6496,18.957,44.62,87,90,1.01
62,Punta Arenas,CL,2021-09-25 20:27:00,-53.15,-70.9167,46.51,39,40,25.32
63,Nacala,MZ,2021-09-25 20:27:00,-14.5428,40.6728,72.23,90,0,3.22
64,Mount Gambier,AU,2021-09-25 20:27:00,-37.8333,140.7667,37.31,93,40,5.75
65,Ambilobe,MG,2021-09-25 20:27:01,-13.2,49.05,69.21,67,0,5.21
66,Hithadhoo,MV,2021-09-25 20:27:01,-0.6,73.0833,82.36,76,100,13.82
67,Tuktoyaktuk,CA,2021-09-25 20:27:02,69.4541,-133.0374,33.8,93,90,18.41
68,Jharsuguda,IN,2021-09-25 20:27:02,21.85,84.0333,78.24,82,53,4.29
69,Riyadh,SA,2021-09-25 20:26:54,24.6877,46.7219,86.14,21,5,9.66
70,East London,ZA,2021-09-25 20:27:03,-33.0153,27.9116,69.24,68,59,15.46
71,Cedar City,US,2021-09-25 20:23:20,37.6775,-113.0619,82.4,12,1,5.75
72,Ternate,ID,2021-09-25 20:27:03,0.8,127.4,81.21,79,97,8.08
73,Bronnoysund,NO,2021-09-25 20:27:04,65.4625,12.1997,46.4,87,75,8.05
74,Saint George,US,2021-09-25 20:22:13,37.1041,-113.5841,94.42,14,1,1.01
75,San Patricio,US,2021-09-25 20:27:04,28.017,-97.5169,88.52,33,0,11.74
76,Kaitangata,NZ,2021-09-25 20:27:05,-46.2817,169.8464,41.36,75,8,8.86
77,Bathsheba,BB,2021-09-25 20:27:05,13.2167,-59.5167,81.21,78,40,9.22
78,Caravelas,BR,2021-09-25 20:23:04,-17.7125,-39.2481,73.76,61,33,8.21
79,Benghazi,LY,2021-09-25 20:27:02,32.1167,20.0667,74.97,63,0,14.07
80,Thompson,CA,2021-09-25 20:27:06,55.7435,-97.8558,51.96,66,90,5.75
81,Powell River,CA,2021-09-25 20:27:06,49.8496,-124.5361,67.64,72,75,6.91
82,Rossland,CA,2021-09-25 20:27:06,49.0831,-117.8022,76.91,35,45,5.99
83,Laguna,US,2021-09-25 20:27:07,38.421,-121.4238,97.65,39,1,1.99
84,San Cristobal,VE,2021-09-25 20:27:07,7.7669,-72.225,89.78,62,21,8.41
85,Nikolskoye,RU,2021-09-25 20:27:07,59.7035,30.7861,49.01,91,100,9.31
86,Berlevag,NO,2021-09-25 20:27:08,70.8578,29.0864,46.96,86,99,10.0
87,Moville,US,2021-09-25 20:27:08,42.4889,-96.0725,78.98,26,9,15.1
88,Griffith,US,2021-09-25 20:27:08,41.5284,-87.4237,72.57,36,1,1.01
89,Victoria,HK,2021-09-25 20:25:18,22.2855,114.1577,84.38,78,16,8.99
90,Dikson,RU,2021-09-25 20:27:09,73.5069,80.5464,35.29,85,100,18.43
91,Kozulka,UA,2021-09-25 20:27:09,50.0351,23.797,57.49,67,100,9.46
92,Luderitz,NA,2021-09-25 20:27:09,-26.6481,15.1594,61.95,58,62,15.86
93,Touros,BR,2021-09-25 20:27:10,-5.1989,-35.4608,81.5,75,10,15.77
94,Longyearbyen,SJ,2021-09-25 20:27:10,78.2186,15.6401,42.64,75,40,11.5
95,Purranque,CL,2021-09-25 20:27:11,-40.9167,-73.1667,51.46,95,100,7.58
96,Cao Bang,VN,2021-09-25 20:27:11,22.6667,106.25,71.8,98,10,1.92
97,Duluth,US,2021-09-25 20:24:28,46.7833,-92.1066,65.55,52,40,1.99
98,Vaini,TO,2021-09-25 20:27:12,-21.2,-175.2,71.76,68,75,6.91
99,Castro,BR,2021-09-25 20:27:12,-24.7911,-50.0119,68.0,71,98,1.52
100,Ilulissat,GL,2021-09-25 20:26:07,69.2167,-51.1,24.82,50,75,3.44
101,Narayanpet,IN,2021-09-25 20:27:12,16.7333,77.5,75.7,85,100,7.09
102,Hay River,CA,2021-09-25 20:27:13,60.8156,-115.7999,55.36,58,40,11.5
103,Chuy,UY,2021-09-25 20:27:13,-33.6971,-53.4616,61.72,86,57,9.13
104,Kununurra,AU,2021-09-25 20:27:14,-15.7667,128.7333,64.38,82,19,0.0
105,Plettenberg Bay,ZA,2021-09-25 20:27:14,-34.0527,23.3716,61.45,60,14,6.89
106,Ribeira Grande,PT,2021-09-25 20:27:14,38.5167,-28.7,72.0,88,75,0.0
107,Venkatagiri,IN,2021-09-25 20:27:15,13.9667,79.5833,83.43,68,97,4.63
108,Agadez,NE,2021-09-25 20:22:28,19.75,10.25,85.42,13,4,9.91
109,Zemio,CF,2021-09-25 20:27:15,5.0314,25.1361,69.44,92,90,0.63
110,Rapid Valley,US,2021-09-25 20:27:15,44.0625,-103.1463,88.03,21,1,1.01
111,Fort Nelson,CA,2021-09-25 20:23:03,58.8053,-122.7002,56.79,35,75,5.75
112,Balkhash,KZ,2021-09-25 20:27:16,46.844,74.9804,49.66,29,0,9.48
113,Bredasdorp,ZA,2021-09-25 20:27:16,-34.5322,20.0403,61.92,72,15,4.61
114,Saldanha,ZA,2021-09-25 20:27:16,-33.0117,17.9442,59.05,90,88,5.41
115,Khasan,RU,2021-09-25 20:27:17,42.4308,130.6434,62.11,88,86,3.47
116,Los Llanos De Aridane,ES,2021-09-25 20:27:17,28.6585,-17.9182,71.35,87,75,4.61
117,Alofi,NU,2021-09-25 20:27:17,-19.0595,-169.9187,75.09,57,40,6.91
118,Barcelona,ES,2021-09-25 20:22:30,41.3888,2.159,76.78,83,20,3.0
119,Najran,SA,2021-09-25 20:27:18,17.4924,44.1277,75.85,16,86,3.85
120,Ancud,CL,2021-09-25 20:27:18,-41.8697,-73.8203,49.53,64,69,15.52
121,Monticello,US,2021-09-25 20:26:55,45.3055,-93.7941,70.56,30,1,14.97
122,Road Town,VG,2021-09-25 20:27:19,18.4167,-64.6167,89.64,66,20,8.05
123,Rawson,AR,2021-09-25 20:27:19,-43.3002,-65.1023,75.18,19,100,27.36
124,Mar Del Plata,AR,2021-09-25 20:27:19,-38.0023,-57.5575,64.0,59,75,21.99
125,Rocha,UY,2021-09-25 20:23:27,-34.4833,-54.3333,62.65,78,46,8.19
126,Jerantut,MY,2021-09-25 20:27:20,3.936,102.3626,74.26,98,98,0.87
127,Mahebourg,MU,2021-09-25 20:27:20,-20.4081,57.7,73.26,83,75,14.97
128,Lavrentiya,RU,2021-09-25 20:27:21,65.5833,-171.0,31.35,86,100,9.01
129,Cacahuatepec,MX,2021-09-25 20:27:21,16.8861,-99.6106,86.36,73,98,5.5
130,Babiciu,RO,2021-09-25 20:27:21,44.0333,24.5667,67.71,39,0,5.37
131,Mount Pleasant,US,2021-09-25 20:27:22,32.7941,-79.8626,80.58,48,1,1.01
132,Saint-Louis,SN,2021-09-25 20:27:22,16.3333,-15.0,96.31,33,16,5.44
133,Clyde River,CA,2021-09-25 20:27:06,70.4692,-68.5914,32.23,86,20,5.75
134,Ljig,RS,2021-09-25 20:27:23,44.2301,20.2382,64.38,60,0,5.5
135,Coquimbo,CL,2021-09-25 20:27:23,-29.9533,-71.3436,62.33,67,0,13.8
136,Sao Filipe,CV,2021-09-25 20:27:24,14.8961,-24.4956,78.76,75,41,5.17
137,Cuamba,MZ,2021-09-25 20:27:24,-14.8031,36.5372,76.77,42,84,5.93
138,Gwanda,ZW,2021-09-25 20:27:24,-20.9333,29.0,65.53,34,0,6.08
139,Umm Kaddadah,SD,2021-09-25 20:27:25,13.6017,26.6876,83.35,53,94,9.75
140,Sarajevo,BA,2021-09-25 20:23:01,43.8486,18.3564,55.31,88,0,0.0
141,Rio Gallegos,AR,2021-09-25 20:27:25,-51.6226,-69.2181,50.05,27,75,17.27
142,Esmeraldas,BR,2021-09-25 20:23:43,-19.7625,-44.3139,80.71,26,100,2.64
143,Baoning,CN,2021-09-25 20:27:26,25.3378,110.026,73.26,94,0,0.0
144,Jacqueville,CI,2021-09-25 20:27:26,5.2052,-4.4146,78.71,88,100,11.86
145,Yumen,CN,2021-09-25 20:27:26,40.2833,97.2,53.6,36,0,2.68
146,Saint-Pierre,RE,2021-09-25 20:27:27,-21.3393,55.4781,71.24,73,0,6.91
147,Ponta Do Sol,PT,2021-09-25 20:27:27,32.6667,-17.1,72.23,73,79,2.59
148,Half Moon Bay,US,2021-09-25 20:26:46,37.4636,-122.4286,85.15,73,75,1.01
149,Carnarvon,AU,2021-09-25 20:27:28,-24.8667,113.6333,66.27,72,40,10.36
150,Georgetown,MY,2021-09-25 20:23:40,5.4112,100.3354,81.9,88,20,3.44
151,Cascais,PT,2021-09-25 20:27:28,38.6979,-9.4215,68.47,71,0,1.01
152,Yabelo,ET,2021-09-25 20:27:28,4.8833,38.0833,63.1,53,77,3.2
153,Port Elizabeth,ZA,2021-09-25 20:27:29,-33.918,25.5701,62.89,59,20,20.71
154,Saint-Ambroise,CA,2021-09-25 20:27:29,48.5501,-71.3324,66.52,53,5,4.7
155,Paamiut,GL,2021-09-25 20:27:29,61.994,-49.6678,34.16,72,0,21.32
156,Kuah,MY,2021-09-25 20:27:30,6.3265,99.8432,78.78,94,20,3.44
157,Prince Rupert,CA,2021-09-25 20:27:30,54.3161,-130.3201,51.89,91,90,3.44
158,Lubbock,US,2021-09-25 20:27:31,33.6001,-101.8338,88.38,20,20,3.0
159,Nanortalik,GL,2021-09-25 20:27:31,60.1432,-45.2371,38.7,71,0,8.63
160,Ostrovnoy,RU,2021-09-25 20:27:31,68.0531,39.5131,42.67,90,72,9.01
161,Kahului,US,2021-09-25 20:27:32,20.8947,-156.47,85.26,78,40,17.27
162,Beloha,MG,2021-09-25 20:27:32,-25.1667,45.05,70.45,73,0,6.46
163,Shunyi,CN,2021-09-25 20:27:33,40.125,116.6453,67.84,94,40,2.24
164,Aswan,EG,2021-09-25 20:27:33,24.0934,32.907,83.86,23,10,14.07
165,Cherskiy,RU,2021-09-25 20:27:33,68.75,161.3,30.61,98,100,9.26
166,Lebu,CL,2021-09-25 20:27:34,-37.6167,-73.65,53.37,74,37,9.64
167,Sun Valley,US,2021-09-25 20:27:34,39.5963,-119.776,88.48,16,40,5.01
168,Bethel,US,2021-09-25 20:27:34,41.3712,-73.414,76.08,60,1,0.0
169,Wattegama,LK,2021-09-25 20:27:35,6.7989,81.4808,75.58,90,100,3.47
170,Poum,NC,2021-09-25 20:27:35,-20.2333,164.0167,72.21,66,82,8.05
171,Pacific Grove,US,2021-09-25 20:24:18,36.6177,-121.9166,84.81,84,1,5.01
172,Leningradskiy,RU,2021-09-25 20:27:36,69.3833,178.4167,25.68,72,100,6.29
173,Isangel,VU,2021-09-25 20:27:36,-19.55,169.2667,70.81,70,73,9.4
174,Yantarnyy,RU,2021-09-25 20:27:37,54.8717,19.9381,48.06,86,2,11.95
175,Port Arthur,CN,2021-09-25 20:27:37,38.8,121.2667,70.02,84,100,14.52
176,Sabang,ID,2021-09-25 20:27:37,5.8933,95.3214,82.04,75,100,16.89
177,Vila Velha,BR,2021-09-25 20:27:38,-20.3297,-40.2925,77.97,61,0,14.97
178,Omboue,GA,2021-09-25 20:27:38,-1.5746,9.2618,76.73,90,85,8.16
179,Mbandaka,CD,2021-09-25 20:27:38,0.0487,18.2603,71.74,92,68,3.04
180,Klaksvik,FO,2021-09-25 20:27:39,62.2266,-6.589,52.72,93,100,27.36
181,Yulara,AU,2021-09-25 20:27:39,-25.2406,130.9889,58.84,33,31,8.05
182,Tiksi,RU,2021-09-25 20:27:39,71.6872,128.8694,32.54,89,100,20.67
183,Puerto Escondido,MX,2021-09-25 20:27:40,15.85,-97.0667,85.82,71,30,6.71
184,Padang,ID,2021-09-25 20:27:40,-0.9492,100.3543,78.1,88,97,3.11
185,Biltine,TD,2021-09-25 20:27:40,14.5333,20.9167,91.22,14,100,5.57
186,Elat,IL,2021-09-25 20:27:41,29.5581,34.9482,79.54,39,0,9.6
187,Morristown,US,2021-09-25 20:27:41,36.214,-83.2949,75.83,56,1,0.0
188,Tateyama,JP,2021-09-25 20:27:41,34.9833,139.8667,70.11,71,100,13.62
189,Oriximina,BR,2021-09-25 20:27:42,-1.7656,-55.8661,88.3,51,53,5.14
190,Sungairaya,ID,2021-09-25 20:27:42,0.7,108.9,78.44,88,83,6.4
191,Tigzirt,DZ,2021-09-25 20:27:42,36.8886,4.1198,77.34,75,100,3.42
192,Saskylakh,RU,2021-09-25 20:27:43,71.9167,114.0833,32.07,93,100,16.51
193,Orange Walk,BZ,2021-09-25 20:27:43,17.8333,-88.8333,87.66,62,95,4.54
194,Marrakesh,MA,2021-09-25 20:25:25,31.6315,-8.0083,82.47,34,0,5.75
195,Panguna,PG,2021-09-25 20:27:43,-6.3164,155.4848,68.45,96,28,2.33
196,Torbat-E Jam,IR,2021-09-25 20:27:44,35.244,60.6225,75.87,11,0,11.45
197,Pirovskoye,RU,2021-09-25 20:27:44,57.6267,92.2658,36.73,94,100,6.26
198,Krasnoselkup,RU,2021-09-25 20:27:44,65.7,82.4667,31.35,90,7,8.63
199,Brownsville,US,2021-09-25 20:23:33,25.9018,-97.4975,89.89,47,20,1.99
200,Kushiro,JP,2021-09-25 20:27:45,42.975,144.3747,49.17,84,72,4.29
201,Yadgir,IN,2021-09-25 20:27:45,16.7667,77.1333,75.99,85,100,6.76
202,Tarauaca,BR,2021-09-25 20:27:46,-8.1614,-70.7656,89.47,50,99,3.31
203,Monte Patria,CL,2021-09-25 20:27:46,-30.6919,-70.9467,77.07,30,0,5.66
204,Menasha,US,2021-09-25 20:27:46,44.2022,-88.4465,66.49,44,40,19.57
205,Schwarzenbach,DE,2021-09-25 20:27:47,49.7333,12.0,58.12,93,75,0.0
206,Diego De Almagro,CL,2021-09-25 20:27:47,-26.3667,-70.05,79.88,16,0,10.76
207,Caohe,CN,2021-09-25 20:27:47,30.2297,115.4335,78.19,77,100,4.38
208,Toyooka,JP,2021-09-25 20:27:48,35.5333,134.8333,66.33,95,100,2.71
209,Havre-Saint-Pierre,CA,2021-09-25 20:27:48,50.2334,-63.5986,57.56,100,90,5.75
210,Coxim,BR,2021-09-25 20:27:48,-18.5067,-54.76,101.84,14,91,5.03
211,Tahlequah,US,2021-09-25 20:27:49,35.9154,-94.97,87.08,23,1,6.91
212,Ambikapur,IN,2021-09-25 20:27:49,23.1167,83.2,73.31,85,23,1.88
213,North Bend,US,2021-09-25 20:27:49,43.4065,-124.2243,59.16,91,90,6.91
214,Kastamonu,TR,2021-09-25 20:27:50,41.5,33.6667,48.22,91,0,2.77
215,Tezu,IN,2021-09-25 20:24:37,27.9167,96.1667,76.35,78,48,4.45
216,Ionia,US,2021-09-25 20:27:50,42.9873,-85.0711,65.95,45,40,14.97
217,Dombarovskiy,RU,2021-09-25 20:27:51,50.7587,59.5386,61.32,22,100,20.13
218,Tasiilaq,GL,2021-09-25 20:27:17,65.6145,-37.6368,37.56,74,100,2.75
219,Necochea,AR,2021-09-25 20:27:51,-38.5473,-58.7368,67.03,71,0,14.74
220,Hamilton,US,2021-09-25 20:27:06,39.1834,-84.5333,72.19,47,1,5.01
221,Port Hawkesbury,CA,2021-09-25 20:27:52,45.6169,-61.3485,67.91,94,90,7.0
222,Cidreira,BR,2021-09-25 20:27:52,-30.1811,-50.2056,64.76,78,3,8.84
223,Lagoa,PT,2021-09-25 20:27:52,39.05,-27.9833,70.92,83,100,9.53
224,Afua,BR,2021-09-25 20:27:53,-0.1567,-50.3867,87.55,58,100,8.93
225,Buin,CL,2021-09-25 20:27:53,-33.7333,-70.75,73.72,42,0,8.08
226,Turukhansk,RU,2021-09-25 20:27:54,65.8167,87.9833,31.39,80,15,8.12
227,Lincoln,US,2021-09-25 20:25:52,40.8,-96.667,81.01,35,1,5.99
228,Hauterive,FR,2021-09-25 20:27:54,46.0901,3.4459,66.96,92,40,3.4
229,Bilma,NE,2021-09-25 20:27:54,18.6853,12.9164,90.03,13,2,7.07
230,Egvekinot,RU,2021-09-25 20:27:55,66.3167,-179.1667,20.48,74,77,0.74
231,Avarua,CK,2021-09-25 20:27:36,-21.2078,-159.775,78.85,73,90,17.27
232,Te Anau,NZ,2021-09-25 20:24:28,-45.4167,167.7167,35.94,91,57,1.05
233,Ipoti,NG,2021-09-25 20:27:56,7.8738,5.0769,69.1,91,100,1.25
234,Batemans Bay,AU,2021-09-25 20:27:56,-35.7167,150.1833,46.98,83,95,5.12
235,Aubenas,FR,2021-09-25 20:27:56,44.6201,4.3899,68.97,90,72,1.63
236,Airai,TL,2021-09-25 20:27:26,-8.9266,125.4092,57.83,90,67,2.01
237,Katsuura,JP,2021-09-25 20:27:57,35.1333,140.3,70.2,70,100,13.18
238,Arraial Do Cabo,BR,2021-09-25 20:27:57,-22.9661,-42.0278,73.26,68,0,19.57
239,Barpathar,IN,2021-09-25 20:27:57,26.3,93.8667,76.77,89,19,0.36
240,Markova,UA,2021-09-25 20:27:58,48.6758,24.4138,49.71,83,1,7.16
241,Mindelo,CV,2021-09-25 20:27:58,16.8901,-24.9804,78.35,69,20,14.97
242,Umm Lajj,SA,2021-09-25 20:27:59,25.0213,37.2685,82.78,70,0,11.7
243,Iqaluit,CA,2021-09-25 20:27:59,63.7506,-68.5145,33.53,80,90,17.0
244,Husavik,IS,2021-09-25 20:27:59,66.0449,-17.3389,39.11,94,100,16.73
245,Muscat,OM,2021-09-25 20:28:00,23.6139,58.5922,86.02,61,19,3.85
246,Port-Gentil,GA,2021-09-25 20:28:00,-0.7193,8.7815,78.76,89,75,11.5
247,Mandalgovi,MN,2021-09-25 20:28:00,45.7625,106.2708,41.49,52,0,11.74
248,Kaniama,CD,2021-09-25 20:28:01,-7.5667,24.1833,80.46,33,96,1.77
249,Roebourne,AU,2021-09-25 20:28:01,-20.7833,117.1333,68.63,49,0,13.44
250,Hvide Sande,DK,2021-09-25 20:28:02,56.0045,8.1294,52.09,72,100,5.46
251,Narsaq,GL,2021-09-25 20:28:02,60.9167,-46.05,41.22,63,0,3.87
252,Ostrogozhsk,RU,2021-09-25 20:28:02,50.8664,39.0756,50.31,78,96,8.77
253,Puerto Cabezas,NI,2021-09-25 20:28:03,14.0351,-83.3888,78.76,94,75,6.91
254,Grand Gaube,MU,2021-09-25 20:28:03,-20.0064,57.6608,73.38,71,9,11.01
255,Olga,RU,2021-09-25 20:28:03,43.7444,135.2892,53.19,94,100,2.91
256,Qaanaaq,GL,2021-09-25 20:28:04,77.484,-69.3632,22.44,71,100,7.58
257,Springbok,ZA,2021-09-25 20:28:04,-29.6643,17.8865,61.23,37,18,4.56
258,Sao Jose Da Coroa Grande,BR,2021-09-25 20:28:04,-8.8978,-35.1478,77.13,82,13,10.27
259,Itarema,BR,2021-09-25 20:28:05,-2.9248,-39.9167,80.91,74,48,18.34
260,Mehamn,NO,2021-09-25 20:28:05,71.0357,27.8492,47.3,83,100,7.94
261,Bani,DO,2021-09-25 20:28:05,18.2833,-70.3333,92.64,62,16,8.39
262,Tilichiki,RU,2021-09-25 20:28:06,60.4667,166.1,37.76,69,100,2.77
263,Mackay,AU,2021-09-25 20:28:06,-21.15,149.2,62.04,94,3,4.61
264,Slave Lake,CA,2021-09-25 20:28:07,55.2834,-114.769,60.78,55,1,12.66
265,Geraldton,AU,2021-09-25 20:28:07,-28.7667,114.6,61.21,77,40,10.36
266,Yellowknife,CA,2021-09-25 20:28:07,62.456,-114.3525,48.42,89,90,5.99
267,Pitimbu,BR,2021-09-25 20:28:08,-7.4706,-34.8086,77.59,77,23,13.24
268,Tolaga Bay,NZ,2021-09-25 20:28:08,-38.3667,178.3,58.73,68,100,5.08
269,Severo-Kurilsk,RU,2021-09-25 20:28:08,50.6789,156.125,48.24,86,100,3.94
270,Kandrian,PG,2021-09-25 20:28:09,-6.2167,149.55,77.54,88,100,5.68
271,Adrar,MR,2021-09-25 20:28:09,20.5022,-10.0711,98.01,18,87,5.59
272,Namatanai,PG,2021-09-25 20:28:09,-3.6667,152.4333,78.96,82,32,7.76
273,Nsoko,SZ,2021-09-25 20:28:10,-27.0333,31.95,66.02,79,0,3.74
274,Umea,SE,2021-09-25 20:28:10,63.8284,20.2597,35.53,100,3,0.0
275,Ures,MX,2021-09-25 20:28:10,29.4333,-110.4,89.28,39,100,3.71
276,Port Lincoln,AU,2021-09-25 20:28:11,-34.7333,135.8667,50.88,74,11,12.97
277,Gravdal,NO,2021-09-25 20:28:11,68.1214,13.5031,46.87,79,53,10.49
278,Bhagalpur,IN,2021-09-25 20:28:11,25.25,87.0,85.41,68,100,5.3
279,Pochutla,MX,2021-09-25 20:28:12,15.7432,-96.4661,89.82,64,32,7.11
280,Lodingen,NO,2021-09-25 20:28:12,68.414,15.9951,48.43,84,77,4.0
281,Valparaiso,CL,2021-09-25 20:27:34,-33.0393,-71.6273,64.04,61,20,16.11
282,Maryville,US,2021-09-25 20:28:13,35.7565,-83.9705,77.18,53,75,1.01
283,Matara,LK,2021-09-25 20:28:13,5.9485,80.5353,78.64,87,100,10.94
284,Yar-Sale,RU,2021-09-25 20:28:13,66.8333,70.8333,33.21,83,12,7.2
285,Nuuk,GL,2021-09-25 20:28:14,64.1835,-51.7216,34.41,40,1,8.05
286,Natchez,US,2021-09-25 20:28:14,31.5604,-91.4032,81.9,44,1,5.75
287,Goderich,CA,2021-09-25 20:28:14,43.7501,-81.7165,57.9,72,100,12.66
288,Maputo,MZ,2021-09-25 20:24:24,-25.9653,32.5892,69.22,88,38,1.99
289,Adre,TD,2021-09-25 20:28:15,13.4667,22.2,80.4,30,65,7.58
290,Codrington,AU,2021-09-25 20:28:15,-38.2667,141.9667,45.48,67,99,4.25
291,Zhigansk,RU,2021-09-25 20:28:15,66.7697,123.3711,31.06,89,73,10.25
292,Haines Junction,CA,2021-09-25 20:28:16,60.7522,-137.5108,44.55,45,100,4.61
293,Baykit,RU,2021-09-25 20:28:16,61.67,96.37,30.85,83,98,4.05
294,Verkhnetulomskiy,RU,2021-09-25 20:28:16,68.6073,31.7962,42.93,94,35,3.49
295,Kuryk,KZ,2021-09-25 20:28:17,43.2,51.65,62.11,52,74,10.74
296,Chokurdakh,RU,2021-09-25 20:28:17,70.6333,147.9167,32.38,98,100,11.52
297,Ust-Kuyga,RU,2021-09-25 20:28:17,70.0167,135.6,31.32,97,100,6.51
298,Boa Vista,BR,2021-09-25 20:25:11,2.8197,-60.6733,93.18,40,20,8.05
299,Bontang,ID,2021-09-25 20:28:18,0.1333,117.5,76.98,88,86,4.0
300,Bilibino,RU,2021-09-25 20:28:18,68.0546,166.4372,25.14,98,100,5.91
301,Gazanjyk,TM,2021-09-25 20:28:18,39.2446,55.5154,71.06,54,0,4.97
302,Grindavik,IS,2021-09-25 20:28:19,63.8424,-22.4338,43.27,70,75,27.63
303,Hualmay,PE,2021-09-25 20:28:19,-11.0964,-77.6139,67.78,73,88,12.19
304,Centralia,US,2021-09-25 20:24:07,46.7162,-122.9543,80.76,53,0,1.99
305,Jibuti,DJ,2021-09-25 20:26:43,11.5,42.5,85.42,48,50,6.46
306,Garowe,SO,2021-09-25 20:28:20,8.4054,48.4845,77.54,64,18,19.39
307,Murgab,TM,2021-09-25 20:28:20,37.4966,61.9714,73.27,28,0,6.91
308,Hit,IQ,2021-09-25 20:28:21,33.6416,42.8251,77.45,26,0,11.7
309,Derzhavinsk,KZ,2021-09-25 20:28:21,51.1,66.3167,55.08,29,100,9.91
310,Puerto Ayora,EC,2021-09-25 20:28:21,-0.7393,-90.3518,71.26,84,85,9.73
311,Hailar,CN,2021-09-25 20:28:22,49.2,119.7,51.85,85,87,11.97
312,Sambava,MG,2021-09-25 20:28:22,-14.2667,50.1667,71.94,76,2,13.98
313,Kutno,PL,2021-09-25 20:28:22,52.2306,19.3641,63.18,87,100,7.56
314,Ban Nahin,LA,2021-09-25 20:28:23,18.2418,104.2122,72.88,98,100,2.91
315,Zuwarah,LY,2021-09-25 20:25:00,32.9312,12.082,81.23,73,0,15.46
316,Yakeshi,CN,2021-09-25 20:28:23,49.2833,120.7333,47.55,95,87,7.0
317,Kenai,US,2021-09-25 20:28:24,60.5544,-151.2583,42.15,77,75,10.36
318,Tam Ky,VN,2021-09-25 20:24:54,15.5667,108.4833,78.78,93,95,4.21
319,Ypsonas,CY,2021-09-25 20:28:24,34.6884,32.9574,72.36,68,0,2.3
320,Norton,ZW,2021-09-25 20:28:24,-17.8833,30.7,62.37,29,0,7.18
321,Dali,CN,2021-09-25 20:28:25,25.7,100.1833,60.57,92,99,0.98
322,Ust-Maya,RU,2021-09-25 20:28:25,60.4167,134.5333,36.21,85,98,6.11
323,Gaspar,BR,2021-09-25 20:28:25,-26.9314,-48.9589,78.04,75,40,3.87
324,Hami,CN,2021-09-25 20:28:26,42.8,93.45,56.14,21,0,10.0
325,Sabha,LY,2021-09-25 20:28:26,27.0377,14.4283,80.51,30,0,12.24
326,Katherine,AU,2021-09-25 20:28:26,-14.4667,132.2667,71.92,49,40,0.0
327,Warrington,GB,2021-09-25 20:28:27,53.3925,-2.5802,64.74,88,20,1.01
328,Quzhou,CN,2021-09-25 20:28:27,28.9594,118.8686,71.42,85,29,4.09
329,Tongren,CN,2021-09-25 20:28:27,27.7172,109.1853,73.71,86,0,3.02
330,Kemijarvi,FI,2021-09-25 20:28:28,66.7131,27.4306,42.84,95,100,1.59
331,San Javier,ES,2021-09-25 20:28:28,37.8063,-0.8374,78.22,83,0,1.01
332,Glazov,RU,2021-09-25 20:28:29,58.1394,52.6584,46.54,77,100,6.49
333,Vestmanna,FO,2021-09-25 20:28:29,62.1564,-7.1664,50.92,100,90,12.66
334,New Norfolk,AU,2021-09-25 20:28:29,-42.7826,147.0587,38.7,78,31,3.18
335,Asau,RO,2021-09-25 20:28:30,46.4333,26.4,55.96,76,3,6.02
336,Palmerston North,NZ,2021-09-25 20:28:30,-40.35,175.6167,60.04,90,79,11.14
337,Tura,IN,2021-09-25 20:28:04,25.5198,90.2201,75.58,86,53,4.25
338,Pevek,RU,2021-09-25 20:28:31,69.7008,170.3133,30.45,98,100,14.38
339,Makinsk,KZ,2021-09-25 20:28:31,52.6292,70.4169,35.31,51,12,3.49
340,Taksimo,RU,2021-09-25 20:28:31,56.3444,114.8794,43.65,99,100,2.77
341,Alta Floresta,BR,2021-09-25 20:28:32,-9.8756,-56.0861,94.82,38,20,2.3
342,Faanui,PF,2021-09-25 20:28:32,-16.4833,-151.75,78.6,76,14,9.64
343,Constitucion,CL,2021-09-25 20:28:32,-35.3333,-72.4167,58.42,67,34,7.34
344,Kudahuvadhoo,MV,2021-09-25 20:28:33,2.6708,72.8944,82.42,77,100,18.21
345,Sayyan,YE,2021-09-25 20:28:33,15.1718,44.3244,63.32,21,100,5.39
346,Aksarka,RU,2021-09-25 20:28:34,66.5606,67.7975,31.59,81,19,6.89
347,Hanko,FI,2021-09-25 20:28:34,59.8333,22.95,51.85,84,93,21.45
348,Bambous Virieux,MU,2021-09-25 20:28:34,-20.3428,57.7575,73.22,83,75,14.97
349,Iracoubo,GF,2021-09-25 20:28:35,5.4802,-53.2011,84.76,69,12,8.72
350,Nome,US,2021-09-25 20:25:05,64.5011,-165.4064,44.67,71,75,12.66
351,Mahanoro,MG,2021-09-25 20:28:35,-19.9,48.8,69.08,88,30,2.06
352,Bandrele,YT,2021-09-25 20:28:35,-12.9067,45.1914,74.95,83,0,2.3
353,Newburn,GB,2021-09-25 20:28:36,54.9876,-1.7442,64.17,91,20,3.44
354,Pisco,PE,2021-09-25 20:24:44,-13.7,-76.2167,69.85,64,92,17.27
355,Mount Isa,AU,2021-09-25 20:28:36,-20.7333,139.5,69.57,14,3,6.91
356,Katobu,ID,2021-09-25 20:28:37,-4.9408,122.5276,73.09,93,98,3.31
357,Upernavik,GL,2021-09-25 20:28:37,72.7868,-56.1549,21.7,69,2,5.86
358,Ambanja,MG,2021-09-25 20:28:37,-13.6833,48.45,70.88,87,5,3.62
359,Mancio Lima,BR,2021-09-25 20:28:38,-7.6142,-72.8958,82.47,74,90,10.36
360,Valkeakoski,FI,2021-09-25 20:28:38,61.2642,24.0312,48.43,92,100,10.63
361,Aklavik,CA,2021-09-25 20:28:38,68.2191,-135.0107,33.8,86,90,11.5
362,Takoradi,GH,2021-09-25 20:28:39,4.8845,-1.7554,77.0,89,100,7.11
363,Yamada,JP,2021-09-25 20:28:39,39.4667,141.95,59.59,87,100,5.73
364,San Quintin,MX,2021-09-25 20:28:39,30.4833,-115.95,72.9,70,59,10.85
365,La Tuque,CA,2021-09-25 20:28:40,47.4334,-72.7824,68.25,52,28,6.91
366,Uralets,RU,2021-09-25 20:28:40,57.6614,59.6497,41.67,69,100,7.72
367,Nadym,RU,2021-09-25 20:28:40,65.5333,72.5167,32.04,80,0,5.77
368,Koumac,NC,2021-09-25 20:28:41,-20.5667,164.2833,69.3,74,2,4.79
369,San Angelo,US,2021-09-25 20:28:41,31.4638,-100.437,88.97,28,1,5.01
370,Feijo,BR,2021-09-25 20:28:41,-8.1642,-70.3536,90.16,48,85,0.74
371,Scarborough,GB,2021-09-25 20:28:42,54.2797,-0.4044,64.51,88,99,1.99
372,Nara,JP,2021-09-25 20:28:42,34.6851,135.8049,70.88,92,100,8.28
373,Tieli,CN,2021-09-25 20:28:42,46.95,128.05,50.63,91,24,2.57
374,Tezpur,IN,2021-09-25 20:28:43,26.6333,92.8,77.74,85,6,3.89
375,Fort Saint James,CA,2021-09-25 20:28:43,54.4333,-124.25,54.05,63,100,1.43
376,Naushki,RU,2021-09-25 20:28:43,50.3828,106.1056,37.09,99,100,3.2
377,Wenling,CN,2021-09-25 20:28:44,28.3669,121.36,69.58,88,87,3.58
378,Sinnamary,GF,2021-09-25 20:28:44,5.3833,-52.95,85.23,66,25,8.99
379,Kavieng,PG,2021-09-25 20:28:45,-2.5744,150.7967,81.88,79,76,14.81
380,Red Bluff,US,2021-09-25 20:25:29,40.1785,-122.2358,91.69,21,1,9.22
381,Portland,US,2021-09-25 20:25:30,45.5234,-122.6762,83.86,42,1,1.01
382,Olafsvik,IS,2021-09-25 20:28:45,64.8945,-23.7142,41.97,75,92,39.77
383,Lorengau,PG,2021-09-25 20:28:46,-2.0226,147.2712,80.98,78,84,6.02
384,Hermon,US,2021-09-25 20:28:46,44.8101,-68.9134,71.38,88,90,0.0
385,San Ignacio,BZ,2021-09-25 20:28:46,17.1561,-89.0714,89.74,66,40,6.91
386,Moerai,PF,2021-09-25 20:28:47,-22.4333,-151.3333,74.37,73,100,14.36
387,Akureyri,IS,2021-09-25 20:28:47,65.6835,-18.0878,39.13,81,90,11.5
388,Victor Harbor,AU,2021-09-25 20:28:47,-35.5667,138.6167,47.91,90,3,9.06
389,Tchibanga,GA,2021-09-25 20:28:48,-2.85,11.0333,73.51,88,95,4.36
390,Mao,ES,2021-09-25 20:28:48,39.8885,4.2658,75.76,94,20,8.05
391,Malangwa,NP,2021-09-25 20:28:48,26.8568,85.5581,81.57,72,100,4.85
392,Rosendal,NO,2021-09-25 20:28:49,59.9867,6.0135,56.03,84,98,3.91
393,Gizo,SB,2021-09-25 20:28:49,-8.103,156.8419,80.8,80,65,6.6
394,Aksha,RU,2021-09-25 20:28:49,50.2814,113.2867,54.34,94,100,5.53
395,Prokuplje,RS,2021-09-25 20:28:50,43.2342,21.5881,60.31,60,0,2.62
396,Keti Bandar,PK,2021-09-25 20:28:50,24.1447,67.4497,81.93,84,14,11.48
397,Zhoucheng,CN,2021-09-25 20:28:50,35.9122,116.3117,70.02,97,100,9.62
398,Carnot,CF,2021-09-25 20:28:51,4.9409,15.8665,70.56,94,100,0.72
399,Miyazu,JP,2021-09-25 20:28:51,35.5333,135.1833,66.06,93,100,4.63
400,Gaoual,GN,2021-09-25 20:28:51,11.75,-13.2,78.26,86,99,0.89
401,Carballo,ES,2021-09-25 20:28:52,43.213,-8.691,64.51,88,22,5.95
402,Shingu,JP,2021-09-25 20:28:52,33.7333,135.9833,72.91,91,100,6.91
403,Saint-Augustin,CA,2021-09-25 20:28:52,51.226,-58.6502,53.44,94,100,14.67
404,Liuzhou,CN,2021-09-25 20:28:53,24.3126,109.3892,78.69,74,0,1.7
405,Chanute,US,2021-09-25 20:28:53,37.6792,-95.4572,80.71,32,1,6.91
406,Sao Lourenco Da Mata,BR,2021-09-25 20:28:54,-8.0022,-35.0183,78.24,69,75,12.66
407,Jalu,LY,2021-09-25 20:28:54,29.0331,21.5482,75.47,34,0,4.72
408,Guerrero Negro,MX,2021-09-25 20:28:54,27.9769,-114.0611,76.71,62,93,13.29
409,Salalah,OM,2021-09-25 20:28:55,17.0151,54.0924,80.69,89,0,4.61
410,Beya,RU,2021-09-25 20:28:55,53.0533,90.9139,37.17,64,100,1.5
411,Alugan,PH,2021-09-25 20:28:55,12.2188,125.4808,77.77,90,100,3.2
412,Opunake,NZ,2021-09-25 20:28:56,-39.4556,173.8583,56.34,83,45,12.17
413,Meulaboh,ID,2021-09-25 20:28:56,4.1363,96.1285,76.28,92,100,7.47
414,Kailua,US,2021-09-25 20:25:40,21.4022,-157.7394,85.98,73,75,13.8
415,Boca Do Acre,BR,2021-09-25 20:28:56,-8.7522,-67.3978,94.19,37,77,3.06
416,Guhagar,IN,2021-09-25 20:28:57,17.4842,73.1929,75.96,92,100,2.48
417,Biak,ID,2021-09-25 20:28:57,-0.9131,122.8766,75.45,86,97,6.22
418,Cabanas,CU,2021-09-25 20:28:57,22.9758,-82.9219,88.27,67,98,7.16
419,Chacabuco,AR,2021-09-25 20:27:05,-34.6417,-60.4739,72.84,41,0,12.68
420,Hambantota,LK,2021-09-25 20:28:58,6.1241,81.1185,80.56,81,100,16.89
421,Grand-Santi,GF,2021-09-25 20:28:58,4.25,-54.3833,94.93,36,52,2.77
422,Nichinan,JP,2021-09-25 20:28:59,31.6,131.3667,71.76,88,66,10.2
423,Sorong,ID,2021-09-25 20:28:59,-0.8833,131.25,77.88,86,100,4.03
424,Ambon,ID,2021-09-25 20:28:13,-3.6954,128.1814,75.34,100,40,2.3
425,Dunedin,NZ,2021-09-25 20:29:00,-45.8742,170.5036,43.81,66,53,13.18
426,Yerbogachen,RU,2021-09-25 20:29:00,61.2767,108.0108,35.55,86,38,10.69
427,Lasa,IT,2021-09-25 20:29:00,46.6166,10.7002,63.48,94,85,3.02
428,Ampanihy,MG,2021-09-25 20:29:01,-24.7,44.75,73.8,50,0,6.26
429,Aras,ES,2021-09-25 20:29:01,42.5617,-2.356,64.2,88,0,8.05
430,Bukene,TZ,2021-09-25 20:29:02,-4.2333,32.8833,77.34,33,81,8.86
431,Westport,US,2021-09-25 20:27:14,41.1415,-73.3579,77.18,55,1,3.0
432,Altay,CN,2021-09-25 20:29:02,47.8667,88.1167,33.19,61,0,5.41
433,Okha,RU,2021-09-25 20:29:03,53.5739,142.9478,49.86,79,100,7.74
434,Hasaki,JP,2021-09-25 20:29:03,35.7333,140.8333,66.6,61,100,13.42
435,Mpika,ZM,2021-09-25 20:29:03,-11.8343,31.4529,69.1,38,67,8.39
436,Altamira,BR,2021-09-25 20:29:04,-3.2033,-52.2064,89.69,58,75,2.3
437,Soyo,AO,2021-09-25 20:29:04,-6.1349,12.3689,76.06,83,85,8.43
438,Nelson Bay,AU,2021-09-25 20:29:04,-32.7167,152.15,57.11,74,100,1.99
439,Zakamensk,RU,2021-09-25 20:29:05,50.3741,103.2863,27.21,97,100,2.82
440,Poros,GR,2021-09-25 20:29:05,37.4994,23.4536,74.62,50,0,3.78
441,Makakilo City,US,2021-09-25 20:29:06,21.3469,-158.0858,84.52,60,20,9.22
442,Muncar,ID,2021-09-25 20:29:06,-8.4333,114.3333,75.15,92,82,3.44
443,Ufimskiy,RU,2021-09-25 20:29:07,56.7084,58.0517,50.11,47,100,9.15
444,Naron,ES,2021-09-25 20:29:07,43.5167,-8.1528,67.01,79,88,9.46
445,Otaru,JP,2021-09-25 20:29:07,43.1894,141.0022,48.02,69,100,6.89
446,Chapais,CA,2021-09-25 20:29:08,49.7834,-74.8492,65.98,48,86,11.43
447,Waling,NP,2021-09-25 20:29:08,27.9833,83.7667,70.45,92,98,2.93
448,Banyo,CM,2021-09-25 20:29:09,6.75,11.8167,64.27,94,39,3.15
449,Edd,ER,2021-09-25 20:29:09,13.9297,41.6925,87.71,67,88,3.83
450,Conde,BR,2021-09-25 20:29:09,-7.2597,-34.9075,76.46,88,75,17.27
451,Bengkulu,ID,2021-09-25 20:27:29,-3.8004,102.2655,75.83,92,100,1.32
452,Qaqortoq,GL,2021-09-25 20:29:10,60.7167,-46.0333,41.5,69,0,9.06
453,Srednekolymsk,RU,2021-09-25 20:24:48,67.45,153.6833,31.21,97,99,13.71
454,Qui Nhon,VN,2021-09-25 20:29:10,13.7667,109.2333,76.5,90,100,4.5
455,Melo,UY,2021-09-25 20:29:11,-32.3667,-54.1833,63.68,80,82,7.74
456,Bodden Town,KY,2021-09-25 20:29:11,19.2833,-81.25,87.8,70,40,8.43
457,Kruisfontein,ZA,2021-09-25 20:29:11,-34.0033,24.7314,55.89,67,9,6.87
458,Ketchikan,US,2021-09-25 20:29:12,55.3422,-131.6461,52.27,76,20,10.36
459,Eastbourne,GB,2021-09-25 20:29:12,50.7687,0.2845,60.17,91,100,4.41
460,Saint-Joseph,RE,2021-09-25 20:29:12,-21.3667,55.6167,70.16,80,16,13.02
461,Naze,JP,2021-09-25 20:29:13,28.3667,129.4833,77.47,85,39,9.31
462,College,US,2021-09-25 20:29:13,64.8569,-147.8028,35.29,91,75,0.0
463,Surcin,RS,2021-09-25 20:29:13,44.7931,20.2803,63.12,67,0,4.61
464,Kanungu,UG,2021-09-25 20:29:14,-0.9575,29.7897,61.38,98,100,2.24
465,Borazjan,IR,2021-09-25 20:29:14,29.2666,51.2159,90.73,15,0,5.86
466,Ouesso,CG,2021-09-25 20:29:14,1.6136,16.0517,71.22,90,78,1.66
467,Marsabit,KE,2021-09-25 20:29:15,2.3284,37.9899,68.61,57,8,21.63
468,San Policarpo,PH,2021-09-25 20:29:15,12.1791,125.5072,78.04,90,100,3.47
469,Karachi,PK,2021-09-25 20:28:05,24.9056,67.0822,84.02,84,75,3.44
470,Luau,AO,2021-09-25 20:29:15,-10.7073,22.2247,73.29,26,81,0.25
471,Torbay,CA,2021-09-25 20:28:20,47.6666,-52.7314,55.27,77,90,13.8
472,High Level,CA,2021-09-25 20:29:16,58.5169,-117.136,62.71,25,40,9.22
473,Burnie,AU,2021-09-25 20:29:16,-41.0667,145.9167,38.32,79,1,4.76
474,Deer Lake,CA,2021-09-25 20:29:17,49.1667,-57.4316,60.66,72,90,13.8
475,Nakapiripirit,UG,2021-09-25 20:29:17,1.9167,34.7833,67.84,77,91,1.59
476,Kaeo,NZ,2021-09-25 20:29:17,-35.1,173.7833,60.33,94,34,6.44
477,Korla,CN,2021-09-25 20:29:18,41.7597,86.1469,61.47,26,0,3.6
478,Algiers,DZ,2021-09-25 20:25:45,36.7525,3.042,76.82,83,40,3.44
479,Namtsy,RU,2021-09-25 20:29:18,62.7161,129.6658,35.71,89,99,7.11
480,Ndele,CF,2021-09-25 20:29:18,8.4109,20.6473,71.31,94,100,1.07
481,Port Macquarie,AU,2021-09-25 20:29:19,-31.4333,152.9167,58.37,100,90,6.91
482,Margate,GB,2021-09-25 20:29:18,51.3813,1.3862,61.03,90,43,6.55
483,Havoysund,NO,2021-09-25 20:29:19,70.9963,24.6622,45.48,87,100,12.93
484,Inhambane,MZ,2021-09-25 20:29:20,-23.865,35.3833,69.48,78,0,7.72
485,Tomatlan,MX,2021-09-25 20:29:20,19.9333,-105.25,89.46,63,25,7.4
486,Ziarat,PK,2021-09-25 20:29:21,30.3823,67.7282,62.11,50,0,3.49
487,Sakakah,SA,2021-09-25 20:29:21,29.9697,40.2064,81.97,29,0,7.52
488,Inongo,CD,2021-09-25 20:29:22,-1.95,18.2667,73.08,81,52,3.85
489,Buraydah,SA,2021-09-25 20:29:22,26.326,43.975,90.05,19,0,10.65
490,Belaya Gora,RU,2021-09-25 20:29:22,68.5333,146.4167,32.68,80,99,15.28
491,Dondo,MZ,2021-09-25 20:29:23,-19.6094,34.7431,66.74,85,0,5.32
492,Sakaiminato,JP,2021-09-25 20:29:23,35.55,133.2333,66.18,94,75,3.44
493,Atambua,ID,2021-09-25 20:29:23,-9.1061,124.8925,71.15,85,44,3.47
494,Komsomolskiy,UZ,2021-09-25 20:29:24,40.4272,71.7189,63.32,45,0,6.91
495,Banjar,ID,2021-09-25 20:29:24,-8.19,114.9675,78.66,90,94,3.91
496,Chitral,PK,2021-09-25 20:29:24,35.8462,71.7858,71.04,34,0,3.04
497,Gornyye Klyuchi,RU,2021-09-25 20:29:25,45.25,133.5,56.23,87,100,2.73
498,Pangnirtung,CA,2021-09-25 20:28:57,66.1451,-65.7125,38.44,48,100,2.08
499,Apostolove,UA,2021-09-25 20:29:25,47.66,33.7137,55.76,71,73,9.19
500,Taltal,CL,2021-09-25 20:29:26,-25.4,-70.4833,64.49,69,22,7.72
501,Providencia,MX,2021-09-25 20:29:26,28.7167,-111.5833,90.61,53,100,8.48
502,Kindu,CD,2021-09-25 20:29:26,-2.95,25.95,72.55,85,84,3.83
503,Xuddur,SO,2021-09-25 20:29:27,4.1213,43.8894,75.83,67,85,14.94
504,Dawlatabad,AF,2021-09-25 20:29:27,36.4141,64.9053,73.38,12,0,3.49
505,Novo Oriente,BR,2021-09-25 20:29:27,-5.5344,-40.7742,94.37,23,70,7.61
506,Dingle,PH,2021-09-25 20:29:28,10.9995,122.6711,76.06,92,80,4.14
507,Escanaba,US,2021-09-25 20:28:35,45.7453,-87.0646,63.21,57,75,18.41
508,Paita,PE,2021-09-25 20:29:28,-5.0892,-81.1144,72.16,75,24,18.21
509,Puerto Baquerizo Moreno,EC,2021-09-25 20:29:28,-0.9,-89.6,69.82,87,96,10.47
510,Assiniboia,CA,2021-09-25 20:29:29,49.6334,-105.9845,82.22,18,73,18.41
511,Evora,PT,2021-09-25 20:29:29,38.5667,-7.9,63.54,80,2,7.83
512,Upington,ZA,2021-09-25 20:29:29,-28.4478,21.2561,70.18,14,11,3.44
513,Anadyr,RU,2021-09-25 20:29:30,64.75,177.4833,28.9,79,75,4.0
514,Kanata,CA,2021-09-25 20:27:30,45.3159,-75.8985,73.89,54,40,8.01
515,Miami,US,2021-09-25 20:28:50,25.7743,-80.1937,88.02,89,75,4.61
516,Hofn,IS,2021-09-25 20:29:30,64.2539,-15.2082,39.33,84,100,15.86
517,Barranca,PE,2021-09-25 20:29:31,-10.75,-77.7667,66.34,73,59,12.75
518,Cayenne,GF,2021-09-25 20:29:31,4.9333,-52.3333,89.64,73,82,4.0
519,Katangli,RU,2021-09-25 20:29:32,51.7102,143.2326,45.91,81,99,13.44
520,Xifeng,CN,2021-09-25 20:29:32,42.7372,124.7222,58.86,95,50,3.0
521,Ngunguru,NZ,2021-09-25 20:29:32,-35.6167,174.5,60.17,76,52,8.14
522,Maxixe,MZ,2021-09-25 20:29:33,-23.8597,35.3472,68.29,80,0,6.73
523,Waingapu,ID,2021-09-25 20:29:33,-9.6567,120.2641,74.23,80,83,4.61
524,Araure,VE,2021-09-25 20:29:33,9.5601,-69.2148,94.55,69,92,7.2
525,Channel-Port Aux Basques,CA,2021-09-25 20:29:34,47.5702,-59.1367,57.33,88,100,17.65
526,Kerteminde,DK,2021-09-25 20:29:34,55.449,10.6577,56.97,74,100,4.0
527,Faya,SA,2021-09-25 20:29:35,18.3851,42.4509,69.91,26,10,6.46
528,Norman Wells,CA,2021-09-25 20:29:35,65.282,-126.8329,35.64,93,90,16.11
529,Kodinsk,RU,2021-09-25 20:29:35,58.6881,99.1844,33.42,86,100,3.2
530,Cabedelo,BR,2021-09-25 20:29:36,-6.9811,-34.8339,77.67,78,22,16.11
531,Juneau,US,2021-09-25 20:29:03,58.3019,-134.4197,51.84,75,75,0.0
532,Chumikan,RU,2021-09-25 20:29:36,54.7183,135.315,50.72,84,100,8.57
533,Nuevo Progreso,MX,2021-09-25 20:29:37,23.1667,-97.95,84.47,61,76,11.9
534,Kasempa,ZM,2021-09-25 20:29:37,-13.4584,25.8338,68.97,25,18,5.5
535,Borodino,RU,2021-09-25 20:29:37,55.9106,94.8983,34.74,93,100,4.45
536,Hobyo,SO,2021-09-25 20:29:38,5.3505,48.5268,78.21,85,100,21.5
537,Sept-Iles,CA,2021-09-25 20:25:30,50.2001,-66.3821,61.32,88,75,1.01
538,Karratha,AU,2021-09-25 20:29:38,-20.7377,116.8463,68.14,52,0,12.84
539,Vila Franca Do Campo,PT,2021-09-25 20:29:39,37.7167,-25.4333,72.19,91,100,11.32
540,Pahrump,US,2021-09-25 20:25:26,36.2083,-115.9839,92.68,22,7,1.01
541,Atar,MR,2021-09-25 20:29:39,20.5169,-13.0499,100.26,17,100,9.13
542,Lisakovsk,KZ,2021-09-25 20:29:39,52.5369,62.4936,56.61,27,100,12.28
543,Farmington,US,2021-09-25 20:26:16,36.7281,-108.2187,85.86,19,1,4.61
544,Kamaishi,JP,2021-09-25 20:29:40,39.2667,141.8833,60.71,84,100,5.06
545,Oyama,JP,2021-09-25 20:29:40,36.3,139.8,71.58,66,100,4.7
546,Harper,LR,2021-09-25 20:29:40,4.375,-7.7169,77.4,87,100,9.95
547,Gamboma,CG,2021-09-25 20:29:41,-1.8764,15.8644,78.98,64,96,1.12
548,Kupang,ID,2021-09-25 20:29:41,-10.1667,123.5833,75.09,80,62,6.26
549,Calbuco,CL,2021-09-25 20:29:42,-41.768,-73.1273,52.81,82,100,8.19
550,Qinhuangdao,CN,2021-09-25 20:29:42,39.9317,119.5883,67.59,85,100,5.28
551,Araouane,ML,2021-09-25 20:29:42,18.9048,-3.5265,99.43,14,16,5.39
552,Nioro,GM,2021-09-25 20:29:43,13.35,-15.75,80.13,83,42,5.12
553,Nizhniy Baskunchak,RU,2021-09-25 20:29:43,48.2198,46.8311,54.9,83,97,13.15
554,Malindi,KE,2021-09-25 20:29:43,-3.2175,40.1191,76.14,81,26,14.52
555,Nizhnevartovsk,RU,2021-09-25 20:29:44,60.9344,76.5531,37.42,87,90,8.95
556,Rio Bueno,CL,2021-09-25 20:29:44,-40.3167,-72.9667,51.94,74,45,8.9
557,Antsla,EE,2021-09-25 20:29:44,57.8256,26.5406,47.95,96,4,8.57
558,Kristiinankaupunki,FI,2021-09-25 20:29:45,62.2743,21.376,47.41,83,6,9.15
559,Tuatapere,NZ,2021-09-25 20:29:45,-46.1333,167.6833,37.81,84,71,6.62
560,Kitimat,CA,2021-09-25 20:29:45,54.0524,-128.6534,57.58,37,100,1.03
561,Nizhniy Kuranakh,RU,2021-09-25 20:29:47,58.8353,125.4869,31.03,94,94,2.57
562,Karlovac,HR,2021-09-25 20:29:47,45.4872,15.5478,67.01,91,2,2.86
563,Vestmannaeyjar,IS,2021-09-25 20:29:47,63.4427,-20.2734,42.37,70,100,2.66
564,Bantry,IE,2021-09-25 20:29:48,51.6833,-9.45,60.28,96,100,7.9
565,Nurota,UZ,2021-09-25 20:29:48,40.5614,65.6886,69.89,14,0,4.9
566,Port Hardy,CA,2021-09-25 20:29:48,50.6996,-127.4199,51.98,100,90,9.22
567,Huarmey,PE,2021-09-25 20:29:49,-10.0681,-78.1522,69.22,73,82,12.59
568,Mitsamiouli,KM,2021-09-25 20:29:49,-11.3847,43.2844,76.41,80,5,4.61
